[
    {
      "QuestionNumber": "1",
      "LevelNumber": "1",
      "LevelTopic": "Count & write",
      "Instruction": "Answer the following Question",
      "Question": "https://drive.google.com/drive/folders/19Vv_aOYgk7gyaU3saRKi3A_LMP_fEr3x",
      "QuestionType": "Image",
      "AnswerType": "MCQ",
      "Option1": "1",
      "Option2": "5",
      "Option3": "7",
      "Option4": "9",
      "CorrectAnswer": "9",
      "options": ["1", "5", "7", "9"],
      "status": ""
    },
    {
      "QuestionNumber": "2",
      "LevelNumber": "1",
      "LevelTopic": "Count & write",
      "Instruction": "Answer the following Question",
      "Question": "https://drive.google.com/drive/folders/19Vv_aOYgk7gyaU3saRKi3A_LMP_fEr3x",
      "QuestionType": "Image",
      "AnswerType": "MCQ",
      "Option1": "11",
      "Option2": "7",
      "Option3": "15",
      "Option4": "19",
      "CorrectAnswer": "19",
      "options": ["11", "7", "15", "19"],
      "status": ""
    },
    {
      "QuestionNumber": "3",
      "LevelNumber": "1",
      "LevelTopic": "Count & write",
      "Instruction": "Answer the following Question",
      "Question": "https://drive.google.com/drive/folders/19Vv_aOYgk7gyaU3saRKi3A_LMP_fEr3x",
      "QuestionType": "Image",
      "AnswerType": "MCQ",
      "Option1": "2",
      "Option2": "0",
      "Option3": "5",
      "Option4": "1",
      "CorrectAnswer": "2",
      "options": ["2", "0", "5", "1"],
      "status": ""
    },
    {
      "QuestionNumber": "4",
      "LevelNumber": "1",
      "LevelTopic": "Count & write",
      "Instruction": "Answer the following Question",
      "Question": "https://drive.google.com/drive/folders/19Vv_aOYgk7gyaU3saRKi3A_LMP_fEr3x",
      "QuestionType": "Image",
      "AnswerType": "MCQ",
      "Option1": "5",
      "Option2": "6",
      "Option3": "7",
      "Option4": "3",
      "CorrectAnswer": "6",
      "options": ["5", "6", "7", "3"],
      "status": ""
    },
    {
      "QuestionNumber": "5",
      "LevelNumber": "1",
      "LevelTopic": "Count & write",
      "Instruction": "Answer the following Question",
      "Question": "https://drive.google.com/drive/folders/19Vv_aOYgk7gyaU3saRKi3A_LMP_fEr3x",
      "QuestionType": "Image",
      "AnswerType": "MCQ",
      "Option1": "5",
      "Option2": "9",
      "Option3": "15",
      "Option4": "12",
      "CorrectAnswer": "15",
      "options": ["5", "9", "15", "12"],
      "status": ""
    },
    {
      "QuestionNumber": "6",
      "LevelNumber": "1",
      "LevelTopic": "Count & write",
      "Instruction": "Answer the following Question",
      "Question": "https://drive.google.com/drive/folders/19Vv_aOYgk7gyaU3saRKi3A_LMP_fEr3x",
      "QuestionType": "Image",
      "AnswerType": "MCQ",
      "Option1": "1",
      "Option2": "5",
      "Option3": "7",
      "Option4": "9",
      "CorrectAnswer": "7",
      "options": ["1", "5", "7", "9"],
      "status": ""
    },
    {
      "QuestionNumber": "7",
      "LevelNumber": "1",
      "LevelTopic": "Count & write",
      "Instruction": "Answer the following Question",
      "Question": "https://drive.google.com/drive/folders/19Vv_aOYgk7gyaU3saRKi3A_LMP_fEr3x",
      "QuestionType": "Image",
      "AnswerType": "MCQ",
      "Option1": "11",
      "Option2": "7",
      "Option3": "15",
      "Option4": "18",
      "CorrectAnswer": "18",
      "options": ["11", "7", "15", "18"],
      "status": ""
    },
    {
      "QuestionNumber": "8",
      "LevelNumber": "1",
      "LevelTopic": "Count & write",
      "Instruction": "Answer the following Question",
      "Question": "https://drive.google.com/drive/folders/19Vv_aOYgk7gyaU3saRKi3A_LMP_fEr3x",
      "QuestionType": "Image",
      "AnswerType": "MCQ",
      "Option1": "2",
      "Option2": "11",
      "Option3": "5",
      "Option4": "1",
      "CorrectAnswer": "11",
      "options": ["2", "11", "5", "1"],
      "status": ""
    },
    {
      "QuestionNumber": "9",
      "LevelNumber": "1",
      "LevelTopic": "Count & write",
      "Instruction": "Answer the following Question",
      "Question": "https://drive.google.com/drive/folders/19Vv_aOYgk7gyaU3saRKi3A_LMP_fEr3x",
      "QuestionType": "Image",
      "AnswerType": "MCQ",
      "Option1": "5",
      "Option2": "6",
      "Option3": "7",
      "Option4": "3",
      "CorrectAnswer": "3",
      "options": ["5", "6", "7", "3"],
      "status": ""
    },
    {
      "QuestionNumber": "10",
      "LevelNumber": "1",
      "LevelTopic": "Count & write",
      "Instruction": "Answer the following Question",
      "Question": "https://drive.google.com/drive/folders/19Vv_aOYgk7gyaU3saRKi3A_LMP_fEr3x",
      "QuestionType": "Image",
      "AnswerType": "MCQ",
      "Option1": "8",
      "Option2": "9",
      "Option3": "15",
      "Option4": "12",
      "CorrectAnswer": "8",
      "options": ["8", "9", "15", "12"],
      "status": ""
    },
    {
      "QuestionNumber": "1",
      "LevelNumber": "2",
      "LevelTopic": "What comes after ",
      "Instruction": "Answer the following Question",
      "Question": "8,_____",
      "QuestionType": "String",
      "AnswerType": "MCQ",
      "Option1": "9",
      "Option2": "10",
      "Option3": "7",
      "Option4": "6",
      "CorrectAnswer": "9",
      "options": ["9", "10", "7", "6"],
      "status": ""
    },
    {
      "QuestionNumber": "2",
      "LevelNumber": "2",
      "LevelTopic": "What comes after ",
      "Instruction": "Answer the following Question",
      "Question": "24,_____",
      "QuestionType": "String",
      "AnswerType": "MCQ",
      "Option1": "20",
      "Option2": "21",
      "Option3": "25",
      "Option4": "28",
      "CorrectAnswer": "25",
      "options": ["20", "21", "25", "28"],
      "status": ""
    },
    {
      "QuestionNumber": "3",
      "LevelNumber": "2",
      "LevelTopic": "What comes after ",
      "Instruction": "Answer the following Question",
      "Question": "27,_____",
      "QuestionType": "String",
      "AnswerType": "MCQ",
      "Option1": "25",
      "Option2": "26",
      "Option3": "24",
      "Option4": "28",
      "CorrectAnswer": "28",
      "options": ["25", "26", "24", "28"],
      "status": ""
    },
    {
      "QuestionNumber": "4",
      "LevelNumber": "2",
      "LevelTopic": "What comes after ",
      "Instruction": "Answer the following Question",
      "Question": "10,_____",
      "QuestionType": "String",
      "AnswerType": "MCQ",
      "Option1": "9",
      "Option2": "10",
      "Option3": "11",
      "Option4": "12",
      "CorrectAnswer": "11",
      "options": ["9", "10", "11", "12"],
      "status": ""
    },
    {
      "QuestionNumber": "5",
      "LevelNumber": "2",
      "LevelTopic": "What comes after ",
      "Instruction": "Answer the following Question",
      "Question": "17,_____",
      "QuestionType": "String",
      "AnswerType": "MCQ",
      "Option1": "19",
      "Option2": "15",
      "Option3": "18",
      "Option4": "17",
      "CorrectAnswer": "18",
      "options": ["19", "15", "18", "17"],
      "status": ""
    },
    {
      "QuestionNumber": "6",
      "LevelNumber": "2",
      "LevelTopic": "What comes after ",
      "Instruction": "Answer the following Question",
      "Question": "20,______",
      "QuestionType": "String",
      "AnswerType": "MCQ",
      "Option1": "19",
      "Option2": "21",
      "Option3": "18",
      "Option4": "22",
      "CorrectAnswer": "21",
      "options": ["19", "21", "18", "22"],
      "status": ""
    },
    {
      "QuestionNumber": "7",
      "LevelNumber": "2",
      "LevelTopic": "What comes after ",
      "Instruction": "Answer the following Question",
      "Question": "13,______",
      "QuestionType": "String",
      "AnswerType": "MCQ",
      "Option1": "12",
      "Option2": "11",
      "Option3": "14",
      "Option4": "15",
      "CorrectAnswer": "14",
      "options": ["12", "11", "14", "15"],
      "status": ""
    },
    {
      "QuestionNumber": "8",
      "LevelNumber": "2",
      "LevelTopic": "What comes after ",
      "Instruction": "Answer the following Question",
      "Question": "21,______",
      "QuestionType": "String",
      "AnswerType": "MCQ",
      "Option1": "22",
      "Option2": "23",
      "Option3": "19",
      "Option4": "20",
      "CorrectAnswer": "22",
      "options": ["22", "23", "19", "20"],
      "status": ""
    },
    {
      "QuestionNumber": "9",
      "LevelNumber": "2",
      "LevelTopic": "What comes after ",
      "Instruction": "Answer the following Question",
      "Question": "19,______",
      "QuestionType": "String",
      "AnswerType": "MCQ",
      "Option1": "20",
      "Option2": "21",
      "Option3": "23",
      "Option4": "22",
      "CorrectAnswer": "20",
      "options": ["20", "21", "23", "22"],
      "status": ""
    },
    {
      "QuestionNumber": "10",
      "LevelNumber": "2",
      "LevelTopic": "What comes after ",
      "Instruction": "Answer the following Question",
      "Question": "12,______",
      "QuestionType": "String",
      "AnswerType": "MCQ",
      "Option1": "13",
      "Option2": "12",
      "Option3": "10",
      "Option4": "14",
      "CorrectAnswer": "13",
      "options": ["13", "12", "10", "14"],
      "status": ""
    },
    {
      "QuestionNumber": "1",
      "LevelNumber": "3",
      "LevelTopic": "What comes before ",
      "Instruction": "Answer the following Question",
      "Question": "______,14",
      "QuestionType": "String",
      "AnswerType": "MCQ",
      "Option1": "12",
      "Option2": "12",
      "Option3": "13",
      "Option4": "14",
      "CorrectAnswer": "13",
      "options": ["12", "11", "13", "14"],
      "status": ""
    },
    {
      "QuestionNumber": "2",
      "LevelNumber": "3",
      "LevelTopic": "What comes before ",
      "Instruction": "Answer the following Question",
      "Question": "______,12",
      "QuestionType": "String",
      "AnswerType": "MCQ",
      "Option1": "11",
      "Option2": "10",
      "Option3": "9",
      "Option4": "13",
      "CorrectAnswer": "11",
      "options": ["11", "10", "9", "13"],
      "status": ""
    },
    {
      "QuestionNumber": "3",
      "LevelNumber": "3",
      "LevelTopic": "What comes before ",
      "Instruction": "Answer the following Question",
      "Question": "______,16",
      "QuestionType": "String",
      "AnswerType": "MCQ",
      "Option1": "12",
      "Option2": "14",
      "Option3": "15",
      "Option4": "16",
      "CorrectAnswer": "15",
      "options": ["12", "14", "15", "16"],
      "status": ""
    },
    {
      "QuestionNumber": "4",
      "LevelNumber": "3",
      "LevelTopic": "What comes before ",
      "Instruction": "Answer the following Question",
      "Question": "______,8",
      "QuestionType": "String",
      "AnswerType": "MCQ",
      "Option1": "4",
      "Option2": "3",
      "Option3": "2",
      "Option4": "7",
      "CorrectAnswer": "7",
      "options": ["4", "3", "2", "7"],
      "status": ""
    },
    {
      "QuestionNumber": "5",
      "LevelNumber": "3",
      "LevelTopic": "What comes before ",
      "Instruction": "Answer the following Question",
      "Question": "______,4",
      "QuestionType": "String",
      "AnswerType": "MCQ",
      "Option1": "1",
      "Option2": "12",
      "Option3": "3",
      "Option4": "5",
      "CorrectAnswer": "3",
      "options": ["1", "12", "3", "5"],
      "status": ""
    },
    {
      "QuestionNumber": "6",
      "LevelNumber": "3",
      "LevelTopic": "What comes before ",
      "Instruction": "Answer the following Question",
      "Question": "______,24",
      "QuestionType": "String",
      "AnswerType": "MCQ",
      "Option1": "23",
      "Option2": "22",
      "Option3": "25",
      "Option4": "26",
      "CorrectAnswer": "23",
      "options": ["23", "22", "25", "26"],
      "status": ""
    },
    {
      "QuestionNumber": "7",
      "LevelNumber": "3",
      "LevelTopic": "What comes before ",
      "Instruction": "Answer the following Question",
      "Question": "______,26",
      "QuestionType": "String",
      "AnswerType": "MCQ",
      "Option1": "25",
      "Option2": "22",
      "Option3": "23",
      "Option4": "24",
      "CorrectAnswer": "25",
      "options": ["25", "22", "23", "24"],
      "status": ""
    },
    {
      "QuestionNumber": "8",
      "LevelNumber": "3",
      "LevelTopic": "What comes before ",
      "Instruction": "Answer the following Question",
      "Question": "______,17",
      "QuestionType": "String",
      "AnswerType": "MCQ",
      "Option1": "17",
      "Option2": "18",
      "Option3": "16",
      "Option4": "21",
      "CorrectAnswer": "16",
      "options": ["17", "18", "16", "21"],
      "status": ""
    },
    {
      "QuestionNumber": "9",
      "LevelNumber": "3",
      "LevelTopic": "What comes before ",
      "Instruction": "Answer the following Question",
      "Question": "______,28",
      "QuestionType": "String",
      "AnswerType": "MCQ",
      "Option1": "26",
      "Option2": "27",
      "Option3": "25",
      "Option4": "24",
      "CorrectAnswer": "27",
      "options": ["26", "27", "25", "24"],
      "status": ""
    },
    {
      "QuestionNumber": "10",
      "LevelNumber": "3",
      "LevelTopic": "What comes before ",
      "Instruction": "Answer the following Question",
      "Question": "______,7",
      "QuestionType": "String",
      "AnswerType": "MCQ",
      "Option1": "4",
      "Option2": "9",
      "Option3": "5",
      "Option4": "6",
      "CorrectAnswer": "6",
      "options": ["4", "9", "5", "6"],
      "status": ""
    },
    {
      "QuestionNumber": "1",
      "LevelNumber": "4",
      "LevelTopic": "Identify smaller number",
      "Instruction": "Answer the following Question",
      "Question": "6,1",
      "QuestionType": "String",
      "AnswerType": "Text",
      "Option1": "",
      "Option2": "",
      "Option3": "",
      "Option4": "",
      "CorrectAnswer": "1",
      "options": [],
      "status": ""
    },
    {
      "QuestionNumber": "2",
      "LevelNumber": "4",
      "LevelTopic": "Identify smaller number",
      "Instruction": "Answer the following Question",
      "Question": "7,2",
      "QuestionType": "String",
      "AnswerType": "Text",
      "Option1": "",
      "Option2": "",
      "Option3": "",
      "Option4": "",
      "CorrectAnswer": "2",
      "options": [],
      "status": ""
    },
    {
      "QuestionNumber": "3",
      "LevelNumber": "4",
      "LevelTopic": "Identify smaller number",
      "Instruction": "Answer the following Question",
      "Question": "19,14",
      "QuestionType": "String",
      "AnswerType": "Text",
      "Option1": "",
      "Option2": "",
      "Option3": "",
      "Option4": "",
      "CorrectAnswer": "14",
      "options": [],
      "status": ""
    },
    {
      "QuestionNumber": "4",
      "LevelNumber": "4",
      "LevelTopic": "Identify smaller number",
      "Instruction": "Answer the following Question",
      "Question": "19,13",
      "QuestionType": "String",
      "AnswerType": "Text",
      "Option1": "",
      "Option2": "",
      "Option3": "",
      "Option4": "",
      "CorrectAnswer": "13",
      "options": [],
      "status": ""
    },
    {
      "QuestionNumber": "5",
      "LevelNumber": "4",
      "LevelTopic": "Identify smaller number",
      "Instruction": "Answer the following Question",
      "Question": "9,5",
      "QuestionType": "String",
      "AnswerType": "Text",
      "Option1": "",
      "Option2": "",
      "Option3": "",
      "Option4": "",
      "CorrectAnswer": "5",
      "options": [],
      "status": ""
    },
    {
      "QuestionNumber": "6",
      "LevelNumber": "4",
      "LevelTopic": "Identify smaller number",
      "Instruction": "Answer the following Question",
      "Question": "16,15",
      "QuestionType": "String",
      "AnswerType": "Text",
      "Option1": "",
      "Option2": "",
      "Option3": "",
      "Option4": "",
      "CorrectAnswer": "15",
      "options": [],
      "status": ""
    },
    {
      "QuestionNumber": "7",
      "LevelNumber": "4",
      "LevelTopic": "Identify smaller number",
      "Instruction": "Answer the following Question",
      "Question": "5,20",
      "QuestionType": "String",
      "AnswerType": "Text",
      "Option1": "",
      "Option2": "",
      "Option3": "",
      "Option4": "",
      "CorrectAnswer": "5",
      "options": [],
      "status": ""
    },
    {
      "QuestionNumber": "8",
      "LevelNumber": "4",
      "LevelTopic": "Identify smaller number",
      "Instruction": "Answer the following Question",
      "Question": "13,18",
      "QuestionType": "String",
      "AnswerType": "Text",
      "Option1": "",
      "Option2": "",
      "Option3": "",
      "Option4": "",
      "CorrectAnswer": "13",
      "options": [],
      "status": ""
    },
    {
      "QuestionNumber": "9",
      "LevelNumber": "4",
      "LevelTopic": "Identify smaller number",
      "Instruction": "Answer the following Question",
      "Question": "1,7",
      "QuestionType": "String",
      "AnswerType": "Text",
      "Option1": "",
      "Option2": "",
      "Option3": "",
      "Option4": "",
      "CorrectAnswer": "1",
      "options": [],
      "status": ""
    },
    {
      "QuestionNumber": "10",
      "LevelNumber": "4",
      "LevelTopic": "Identify smaller number",
      "Instruction": "Answer the following Question",
      "Question": "11,8",
      "QuestionType": "String",
      "AnswerType": "Text",
      "Option1": "",
      "Option2": "",
      "Option3": "",
      "Option4": "",
      "CorrectAnswer": "8",
      "options": [],
      "status": ""
    },
    {
      "QuestionNumber": "1",
      "LevelNumber": "5",
      "LevelTopic": "Identify bigger number",
      "Instruction": "Answer the following Question",
      "Question": "3,2",
      "QuestionType": "String",
      "AnswerType": "Text",
      "Option1": "",
      "Option2": "",
      "Option3": "",
      "Option4": "",
      "CorrectAnswer": "3",
      "options": [],
      "status": ""
    },
    {
      "QuestionNumber": "2",
      "LevelNumber": "5",
      "LevelTopic": "Identify bigger number",
      "Instruction": "Answer the following Question",
      "Question": "8,5",
      "QuestionType": "String",
      "AnswerType": "Text",
      "Option1": "",
      "Option2": "",
      "Option3": "",
      "Option4": "",
      "CorrectAnswer": "8",
      "options": [],
      "status": ""
    },
    {
      "QuestionNumber": "3",
      "LevelNumber": "5",
      "LevelTopic": "Identify bigger number",
      "Instruction": "Answer the following Question",
      "Question": "7,3",
      "QuestionType": "String",
      "AnswerType": "Text",
      "Option1": "",
      "Option2": "",
      "Option3": "",
      "Option4": "",
      "CorrectAnswer": "7",
      "options": [],
      "status": ""
    },
    {
      "QuestionNumber": "4",
      "LevelNumber": "5",
      "LevelTopic": "Identify bigger number",
      "Instruction": "Answer the following Question",
      "Question": "1,20",
      "QuestionType": "String",
      "AnswerType": "Text",
      "Option1": "",
      "Option2": "",
      "Option3": "",
      "Option4": "",
      "CorrectAnswer": "20",
      "options": [],
      "status": ""
    },
    {
      "QuestionNumber": "5",
      "LevelNumber": "5",
      "LevelTopic": "Identify bigger number",
      "Instruction": "Answer the following Question",
      "Question": "8,4",
      "QuestionType": "String",
      "AnswerType": "Text",
      "Option1": "",
      "Option2": "",
      "Option3": "",
      "Option4": "",
      "CorrectAnswer": "8",
      "options": [],
      "status": ""
    },
    {
      "QuestionNumber": "6",
      "LevelNumber": "5",
      "LevelTopic": "Identify bigger number",
      "Instruction": "Answer the following Question",
      "Question": "16,7",
      "QuestionType": "String",
      "AnswerType": "Text",
      "Option1": "",
      "Option2": "",
      "Option3": "",
      "Option4": "",
      "CorrectAnswer": "16",
      "options": [],
      "status": ""
    },
    {
      "QuestionNumber": "7",
      "LevelNumber": "5",
      "LevelTopic": "Identify bigger number",
      "Instruction": "Answer the following Question",
      "Question": "5,9",
      "QuestionType": "String",
      "AnswerType": "Text",
      "Option1": "",
      "Option2": "",
      "Option3": "",
      "Option4": "",
      "CorrectAnswer": "9",
      "options": [],
      "status": ""
    },
    {
      "QuestionNumber": "8",
      "LevelNumber": "5",
      "LevelTopic": "Identify bigger number",
      "Instruction": "Answer the following Question",
      "Question": "3,12",
      "QuestionType": "String",
      "AnswerType": "Text",
      "Option1": "",
      "Option2": "",
      "Option3": "",
      "Option4": "",
      "CorrectAnswer": "12",
      "options": [],
      "status": ""
    },
    {
      "QuestionNumber": "9",
      "LevelNumber": "5",
      "LevelTopic": "Identify bigger number",
      "Instruction": "Answer the following Question",
      "Question": "6,5",
      "QuestionType": "String",
      "AnswerType": "Text",
      "Option1": "",
      "Option2": "",
      "Option3": "",
      "Option4": "",
      "CorrectAnswer": "6",
      "options": [],
      "status": ""
    },
    {
      "QuestionNumber": "10",
      "LevelNumber": "5",
      "LevelTopic": "Identify bigger number",
      "Instruction": "Answer the following Question",
      "Question": "9,3",
      "QuestionType": "String",
      "AnswerType": "MCQ",
      "Option1": "",
      "Option2": "",
      "Option3": "",
      "Option4": "",
      "CorrectAnswer": "9",
      "options": [],
      "status": ""
    },
    {
      "QuestionNumber": "1",
      "LevelNumber": "6",
      "LevelTopic": "What comes before ",
      "Instruction": "Answer the following Question",
      "Question": "____,47",
      "QuestionType": "String",
      "AnswerType": "MCQ",
      "Option1": "46",
      "Option2": "48",
      "Option3": "49",
      "Option4": "45",
      "CorrectAnswer": "46",
      "options": [],
      "status": ""
    },
    {
      "QuestionNumber": "2",
      "LevelNumber": "6",
      "LevelTopic": "What comes before ",
      "Instruction": "Answer the following Question",
      "Question": "____,34",
      "QuestionType": "String",
      "AnswerType": "MCQ",
      "Option1": "35",
      "Option2": "36",
      "Option3": "33",
      "Option4": "32",
      "CorrectAnswer": "33",
      "options": [],
      "status": ""
    },
    {
      "QuestionNumber": "3",
      "LevelNumber": "6",
      "LevelTopic": "What comes before ",
      "Instruction": "Answer the following Question",
      "Question": "____,68",
      "QuestionType": "String",
      "AnswerType": "MCQ",
      "Option1": "69",
      "Option2": "66",
      "Option3": "65",
      "Option4": "67",
      "CorrectAnswer": "67",
      "options": [],
      "status": ""
    },
    {
      "QuestionNumber": "4",
      "LevelNumber": "6",
      "LevelTopic": "What comes before ",
      "Instruction": "Answer the following Question",
      "Question": "____,49",
      "QuestionType": "String",
      "AnswerType": "MCQ",
      "Option1": "58",
      "Option2": "48",
      "Option3": "47",
      "Option4": "50",
      "CorrectAnswer": "48",
      "options": [],
      "status": ""
    },
    {
      "QuestionNumber": "5",
      "LevelNumber": "6",
      "LevelTopic": "What comes before ",
      "Instruction": "Answer the following Question",
      "Question": "____,54",
      "QuestionType": "String",
      "AnswerType": "MCQ",
      "Option1": "53",
      "Option2": "55",
      "Option3": "56",
      "Option4": "52",
      "CorrectAnswer": "53",
      "options": [],
      "status": ""
    },
    {
      "QuestionNumber": "6",
      "LevelNumber": "6",
      "LevelTopic": "What comes before ",
      "Instruction": "Answer the following Question",
      "Question": "____,18",
      "QuestionType": "String",
      "AnswerType": "MCQ",
      "Option1": "17",
      "Option2": "16",
      "Option3": "19",
      "Option4": "20",
      "CorrectAnswer": "17",
      "options": [],
      "status": ""
    },
    {
      "QuestionNumber": "7",
      "LevelNumber": "6",
      "LevelTopic": "What comes before ",
      "Instruction": "Answer the following Question",
      "Question": "____,65",
      "QuestionType": "String",
      "AnswerType": "MCQ",
      "Option1": "63",
      "Option2": "67",
      "Option3": "64",
      "Option4": "68",
      "CorrectAnswer": "64",
      "options": [],
      "status": ""
    },
    {
      "QuestionNumber": "8",
      "LevelNumber": "6",
      "LevelTopic": "What comes before ",
      "Instruction": "Answer the following Question",
      "Question": "____,82",
      "QuestionType": "String",
      "AnswerType": "MCQ",
      "Option1": "88",
      "Option2": "86",
      "Option3": "81",
      "Option4": "89",
      "CorrectAnswer": "81",
      "options": [],
      "status": ""
    },
    {
      "QuestionNumber": "9",
      "LevelNumber": "6",
      "LevelTopic": "What comes before ",
      "Instruction": "Answer the following Question",
      "Question": "____,71",
      "QuestionType": "String",
      "AnswerType": "MCQ",
      "Option1": "77",
      "Option2": "72",
      "Option3": "73",
      "Option4": "70",
      "CorrectAnswer": "70",
      "options": [],
      "status": ""
    },
    {
      "QuestionNumber": "10",
      "LevelNumber": "6",
      "LevelTopic": "What comes before ",
      "Instruction": "Answer the following Question",
      "Question": "____,9",
      "QuestionType": "String",
      "AnswerType": "MCQ",
      "Option1": "7",
      "Option2": "8",
      "Option3": "10",
      "Option4": "6",
      "CorrectAnswer": "8",
      "options": [],
      "status": ""
    },
    {
      "QuestionNumber": "1",
      "LevelNumber": "7",
      "LevelTopic": "Identify bigger number",
      "Instruction": "Answer the following Question",
      "Question": "18,57,54",
      "QuestionType": "String",
      "AnswerType": "Text",
      "Option1": "",
      "Option2": "",
      "Option3": "",
      "Option4": "",
      "CorrectAnswer": "57",
      "options": [],
      "status": ""
    },
    {
      "QuestionNumber": "2",
      "LevelNumber": "7",
      "LevelTopic": "Identify bigger number",
      "Instruction": "Answer the following Question",
      "Question": "54,32,33",
      "QuestionType": "String",
      "AnswerType": "Text",
      "Option1": "",
      "Option2": "",
      "Option3": "",
      "Option4": "",
      "CorrectAnswer": "54",
      "options": [],
      "status": ""
    },
    {
      "QuestionNumber": "3",
      "LevelNumber": "7",
      "LevelTopic": "Identify bigger number",
      "Instruction": "Answer the following Question",
      "Question": "63,6,40",
      "QuestionType": "String",
      "AnswerType": "Text",
      "Option1": "",
      "Option2": "",
      "Option3": "",
      "Option4": "",
      "CorrectAnswer": "63",
      "options": [],
      "status": ""
    },
    {
      "QuestionNumber": "4",
      "LevelNumber": "7",
      "LevelTopic": "Identify bigger number",
      "Instruction": "Answer the following Question",
      "Question": "41,27,37",
      "QuestionType": "String",
      "AnswerType": "Text",
      "Option1": "",
      "Option2": "",
      "Option3": "",
      "Option4": "",
      "CorrectAnswer": "41",
      "options": [],
      "status": ""
    },
    {
      "QuestionNumber": "5",
      "LevelNumber": "7",
      "LevelTopic": "Identify bigger number",
      "Instruction": "Answer the following Question",
      "Question": "18,81,31",
      "QuestionType": "String",
      "AnswerType": "Text",
      "Option1": "",
      "Option2": "",
      "Option3": "",
      "Option4": "",
      "CorrectAnswer": "81",
      "options": [],
      "status": ""
    },
    {
      "QuestionNumber": "6",
      "LevelNumber": "7",
      "LevelTopic": "Identify bigger number",
      "Instruction": "Answer the following Question",
      "Question": "79,84,53",
      "QuestionType": "String",
      "AnswerType": "Text",
      "Option1": "",
      "Option2": "",
      "Option3": "",
      "Option4": "",
      "CorrectAnswer": "82",
      "options": [],
      "status": ""
    },
    {
      "QuestionNumber": "7",
      "LevelNumber": "7",
      "LevelTopic": "Identify bigger number",
      "Instruction": "Answer the following Question",
      "Question": "69,80,28",
      "QuestionType": "String",
      "AnswerType": "Text",
      "Option1": "",
      "Option2": "",
      "Option3": "",
      "Option4": "",
      "CorrectAnswer": "80",
      "options": [],
      "status": ""
    },
    {
      "QuestionNumber": "8",
      "LevelNumber": "7",
      "LevelTopic": "Identify bigger number",
      "Instruction": "Answer the following Question",
      "Question": "64,18,88",
      "QuestionType": "String",
      "AnswerType": "Text",
      "Option1": "",
      "Option2": "",
      "Option3": "",
      "Option4": "",
      "CorrectAnswer": "88",
      "options": [],
      "status": ""
    },
    {
      "QuestionNumber": "9",
      "LevelNumber": "7",
      "LevelTopic": "Identify bigger number",
      "Instruction": "Answer the following Question",
      "Question": "86,20,59",
      "QuestionType": "String",
      "AnswerType": "Text",
      "Option1": "",
      "Option2": "",
      "Option3": "",
      "Option4": "",
      "CorrectAnswer": "86",
      "options": [],
      "status": ""
    },
    {
      "QuestionNumber": "10",
      "LevelNumber": "7",
      "LevelTopic": "Identify bigger number",
      "Instruction": "Answer the following Question",
      "Question": "9,30,92",
      "QuestionType": "String",
      "AnswerType": "Text",
      "Option1": "",
      "Option2": "",
      "Option3": "",
      "Option4": "",
      "CorrectAnswer": "92",
      "options": [],
      "status": ""
    },
    {
      "QuestionNumber": "1",
      "LevelNumber": "8",
      "LevelTopic": "Add or Subtract",
      "Instruction": "Answer the following Question",
      "Question": "24+8",
      "QuestionType": "String",
      "AnswerType": "MCQ",
      "Option1": "31",
      "Option2": "30",
      "Option3": "29",
      "Option4": "32",
      "CorrectAnswer": "32",
      "options": ["31", "30", "29", "32"],
      "status": ""
    },
    {
      "QuestionNumber": "2",
      "LevelNumber": "8",
      "LevelTopic": "Add or Subtract",
      "Instruction": "Answer the following Question",
      "Question": "30-1",
      "QuestionType": "String",
      "AnswerType": "MCQ",
      "Option1": "29",
      "Option2": "28",
      "Option3": "27",
      "Option4": "30",
      "CorrectAnswer": "29",
      "options": ["29", "28", "27", "30"],
      "status": ""
    },
    {
      "QuestionNumber": "3",
      "LevelNumber": "8",
      "LevelTopic": "Add or Subtract",
      "Instruction": "Answer the following Question",
      "Question": "20-5",
      "QuestionType": "String",
      "AnswerType": "MCQ",
      "Option1": "16",
      "Option2": "14",
      "Option3": "15",
      "Option4": "12",
      "CorrectAnswer": "15",
      "options": ["16", "14", "15", "12"],
      "status": ""
    },
    {
      "QuestionNumber": "4",
      "LevelNumber": "8",
      "LevelTopic": "Add or Subtract",
      "Instruction": "Answer the following Question",
      "Question": "20-19",
      "QuestionType": "String",
      "AnswerType": "MCQ",
      "Option1": "2",
      "Option2": "8",
      "Option3": "39",
      "Option4": "1",
      "CorrectAnswer": "1",
      "options": ["2", "8", "39", "1"],
      "status": ""
    },
    {
      "QuestionNumber": "5",
      "LevelNumber": "8",
      "LevelTopic": "Add or Subtract",
      "Instruction": "Answer the following Question",
      "Question": "11-2",
      "QuestionType": "String",
      "AnswerType": "MCQ",
      "Option1": "13",
      "Option2": "9",
      "Option3": "12",
      "Option4": "8",
      "CorrectAnswer": "9",
      "options": ["13", "9", "12", "8"],
      "status": ""
    },
    {
      "QuestionNumber": "6",
      "LevelNumber": "8",
      "LevelTopic": "Add or Subtract",
      "Instruction": "Answer the following Question",
      "Question": "6+14",
      "QuestionType": "String",
      "AnswerType": "MCQ",
      "Option1": "19",
      "Option2": "20",
      "Option3": "21",
      "Option4": "22",
      "CorrectAnswer": "20",
      "options": ["19", "20", "21", "22"],
      "status": ""
    },
    {
      "QuestionNumber": "7",
      "LevelNumber": "8",
      "LevelTopic": "Add or Subtract",
      "Instruction": "Answer the following Question",
      "Question": "17-3",
      "QuestionType": "String",
      "AnswerType": "MCQ",
      "Option1": "3",
      "Option2": "14",
      "Option3": "4",
      "Option4": "8",
      "CorrectAnswer": "14",
      "options": ["3", "14", "4", "8"],
      "status": ""
    },
    {
      "QuestionNumber": "8",
      "LevelNumber": "8",
      "LevelTopic": "Add or Subtract",
      "Instruction": "Answer the following Question",
      "Question": "29-1",
      "QuestionType": "String",
      "AnswerType": "MCQ",
      "Option1": "22",
      "Option2": "26",
      "Option3": "27",
      "Option4": "28",
      "CorrectAnswer": "28",
      "options": ["22", "26", "27", "28"],
      "status": ""
    },
    {
      "QuestionNumber": "9",
      "LevelNumber": "8",
      "LevelTopic": "Add or Subtract",
      "Instruction": "Answer the following Question",
      "Question": "16+7",
      "QuestionType": "String",
      "AnswerType": "MCQ",
      "Option1": "21",
      "Option2": "22",
      "Option3": "23",
      "Option4": "20",
      "CorrectAnswer": "23",
      "options": ["21", "22", "23", "20"],
      "status": ""
    },
    {
      "QuestionNumber": "10",
      "LevelNumber": "8",
      "LevelTopic": "Add or Subtract",
      "Instruction": "Answer the following Question",
      "Question": "23+2",
      "QuestionType": "String",
      "AnswerType": "MCQ",
      "Option1": "19",
      "Option2": "25",
      "Option3": "17",
      "Option4": "23",
      "CorrectAnswer": "25",
      "options": ["19", "25", "17", "23"],
      "status": ""
    },
    {
      "QuestionNumber": "1",
      "LevelNumber": "9",
      "LevelTopic": "Multiplication Facts (6-10) (H)",
      "Instruction": "Answer the following Question",
      "Question": "4x4",
      "QuestionType": "String",
      "AnswerType": "Text",
      "Option1": "",
      "Option2": "",
      "Option3": "",
      "Option4": "",
      "CorrectAnswer": "16",
      "options": [],
      "status": ""
    },
    {
      "QuestionNumber": "2",
      "LevelNumber": "9",
      "LevelTopic": "Multiplication Facts (6-10) (H)",
      "Instruction": "Answer the following Question",
      "Question": "6x2",
      "QuestionType": "String",
      "AnswerType": "Text",
      "Option1": "",
      "Option2": "",
      "Option3": "",
      "Option4": "",
      "CorrectAnswer": "12",
      "options": [],
      "status": ""
    },
    {
      "QuestionNumber": "3",
      "LevelNumber": "9",
      "LevelTopic": "Multiplication Facts (6-10) (H)",
      "Instruction": "Answer the following Question",
      "Question": "9x5",
      "QuestionType": "String",
      "AnswerType": "Text",
      "Option1": "",
      "Option2": "",
      "Option3": "",
      "Option4": "",
      "CorrectAnswer": "45",
      "options": [],
      "status": ""
    },
    {
      "QuestionNumber": "4",
      "LevelNumber": "9",
      "LevelTopic": "Multiplication Facts (6-10) (H)",
      "Instruction": "Answer the following Question",
      "Question": "3x8",
      "QuestionType": "String",
      "AnswerType": "Text",
      "Option1": "",
      "Option2": "",
      "Option3": "",
      "Option4": "",
      "CorrectAnswer": "24",
      "options": [],
      "status": ""
    },
    {
      "QuestionNumber": "5",
      "LevelNumber": "9",
      "LevelTopic": "Multiplication Facts (6-10) (H)",
      "Instruction": "Answer the following Question",
      "Question": "6x4",
      "QuestionType": "String",
      "AnswerType": "Text",
      "Option1": "",
      "Option2": "",
      "Option3": "",
      "Option4": "",
      "CorrectAnswer": "24",
      "options": [],
      "status": ""
    },
    {
      "QuestionNumber": "6",
      "LevelNumber": "9",
      "LevelTopic": "Multiplication Facts (6-10) (H)",
      "Instruction": "Answer the following Question",
      "Question": "4x7",
      "QuestionType": "String",
      "AnswerType": "Text",
      "Option1": "",
      "Option2": "",
      "Option3": "",
      "Option4": "",
      "CorrectAnswer": "28",
      "options": [],
      "status": ""
    },
    {
      "QuestionNumber": "7",
      "LevelNumber": "9",
      "LevelTopic": "Multiplication Facts (6-10) (H)",
      "Instruction": "Answer the following Question",
      "Question": "8x6",
      "QuestionType": "String",
      "AnswerType": "Text",
      "Option1": "",
      "Option2": "",
      "Option3": "",
      "Option4": "",
      "CorrectAnswer": "48",
      "options": [],
      "status": ""
    },
    {
      "QuestionNumber": "8",
      "LevelNumber": "9",
      "LevelTopic": "Multiplication Facts (6-10) (H)",
      "Instruction": "Answer the following Question",
      "Question": "2x3",
      "QuestionType": "String",
      "AnswerType": "Text",
      "Option1": "",
      "Option2": "",
      "Option3": "",
      "Option4": "",
      "CorrectAnswer": "6",
      "options": [],
      "status": ""
    },
    {
      "QuestionNumber": "9",
      "LevelNumber": "9",
      "LevelTopic": "Multiplication Facts (6-10) (H)",
      "Instruction": "Answer the following Question",
      "Question": "3x1",
      "QuestionType": "String",
      "AnswerType": "Text",
      "Option1": "",
      "Option2": "",
      "Option3": "",
      "Option4": "",
      "CorrectAnswer": "3",
      "options": [],
      "status": ""
    },
    {
      "QuestionNumber": "10",
      "LevelNumber": "9",
      "LevelTopic": "Multiplication Facts (6-10) (H)",
      "Instruction": "Answer the following Question",
      "Question": "9x5",
      "QuestionType": "String",
      "AnswerType": "Text",
      "Option1": "",
      "Option2": "",
      "Option3": "",
      "Option4": "",
      "CorrectAnswer": "45",
      "options": [],
      "status": ""
    },
    {
      "QuestionNumber": "1",
      "LevelNumber": "10",
      "LevelTopic": "Expanded form (3 digit)",
      "Instruction": "Answer the following Question",
      "Question": "600+20+9",
      "QuestionType": "String",
      "AnswerType": "MCQ",
      "Option1": "625",
      "Option2": "630",
      "Option3": "629",
      "Option4": "631",
      "CorrectAnswer": "629",
      "options": ["625", "630", "629", "631"],
      "status": ""
    },
    {
      "QuestionNumber": "2",
      "LevelNumber": "10",
      "LevelTopic": "Expanded form (3 digit)",
      "Instruction": "Answer the following Question",
      "Question": "100+70+2",
      "QuestionType": "String",
      "AnswerType": "MCQ",
      "Option1": "169",
      "Option2": "172",
      "Option3": "170",
      "Option4": "177",
      "CorrectAnswer": "172",
      "options": ["169", "172", "170", "171"],
      "status": ""
    },
    {
      "QuestionNumber": "3",
      "LevelNumber": "10",
      "LevelTopic": "Expanded form (3 digit)",
      "Instruction": "Answer the following Question",
      "Question": "400+30+1",
      "QuestionType": "String",
      "AnswerType": "MCQ",
      "Option1": "431",
      "Option2": "429",
      "Option3": "433",
      "Option4": "432",
      "CorrectAnswer": "431",
      "options": ["431", "429", "433", "432"],
      "status": ""
    },
    {
      "QuestionNumber": "4",
      "LevelNumber": "10",
      "LevelTopic": "Expanded form (3 digit)",
      "Instruction": "Answer the following Question",
      "Question": "200+50+8",
      "QuestionType": "String",
      "AnswerType": "MCQ",
      "Option1": "259",
      "Option2": "256",
      "Option3": "257",
      "Option4": "258",
      "CorrectAnswer": "258",
      "options": ["259", "256", "257", "258"],
      "status": ""
    },
    {
      "QuestionNumber": "5",
      "LevelNumber": "10",
      "LevelTopic": "Expanded form (3 digit)",
      "Instruction": "Answer the following Question",
      "Question": "600+20+7",
      "QuestionType": "String",
      "AnswerType": "MCQ",
      "Option1": "427",
      "Option2": "527",
      "Option3": "627",
      "Option4": "434",
      "CorrectAnswer": "627",
      "options": ["427", "527", "627", "434"],
      "status": ""
    },
    {
      "QuestionNumber": "6",
      "LevelNumber": "10",
      "LevelTopic": "Expanded form (3 digit)",
      "Instruction": "Answer the following Question",
      "Question": "700+90+2",
      "QuestionType": "String",
      "AnswerType": "MCQ",
      "Option1": "801",
      "Option2": "810",
      "Option3": "800",
      "Option4": "790",
      "CorrectAnswer": "792",
      "options": ["801", "810", "800", "790"],
      "status": ""
    },
    {
      "QuestionNumber": "7",
      "LevelNumber": "10",
      "LevelTopic": "Expanded form (3 digit)",
      "Instruction": "Answer the following Question",
      "Question": "500+30+4",
      "QuestionType": "String",
      "AnswerType": "MCQ",
      "Option1": "545",
      "Option2": "555",
      "Option3": "535",
      "Option4": "534",
      "CorrectAnswer": "534",
      "options": ["545", "555", "535", "534"],
      "status": ""
    },
    {
      "QuestionNumber": "8",
      "LevelNumber": "10",
      "LevelTopic": "Expanded form (3 digit)",
      "Instruction": "Answer the following Question",
      "Question": "800+60+8",
      "QuestionType": "String",
      "AnswerType": "MCQ",
      "Option1": "800",
      "Option2": "860",
      "Option3": "870",
      "Option4": "890",
      "CorrectAnswer": "868",
      "options": ["800", "868", "870", "890"],
      "status": ""
    },
    {
      "QuestionNumber": "9",
      "LevelNumber": "10",
      "LevelTopic": "Expanded form (3 digit)",
      "Instruction": "Answer the following Question",
      "Question": "600+10+6",
      "QuestionType": "String",
      "AnswerType": "MCQ",
      "Option1": "121",
      "Option2": "616",
      "Option3": "221",
      "Option4": "234",
      "CorrectAnswer": "616",
      "options": ["121", "616", "221", "234"],
      "status": ""
    },
    {
      "QuestionNumber": "10",
      "LevelNumber": "10",
      "LevelTopic": "Expanded form (3 digit)",
      "Instruction": "Answer the following Question",
      "Question": "800+30+3",
      "QuestionType": "String",
      "AnswerType": "MCQ",
      "Option1": "345",
      "Option2": "830",
      "Option3": "833",
      "Option4": "844",
      "CorrectAnswer": "833",
      "options": ["345", "830", "833", "844"],
      "status": ""
    },
    {
      "QuestionNumber": "1",
      "LevelNumber": "11",
      "LevelTopic": "Double x Single Multiply (Vertical) ",
      "Instruction": "Answer the following Question",
      "Question": "19x6",
      "QuestionType": "String",
      "AnswerType": "Text",
      "Option1": "",
      "Option2": "",
      "Option3": "",
      "Option4": "",
      "CorrectAnswer": "114",
      "options": [],
      "status": ""
    },
    {
      "QuestionNumber": "2",
      "LevelNumber": "11",
      "LevelTopic": "Double x Single Multiply (Vertical) ",
      "Instruction": "Answer the following Question",
      "Question": "81x6",
      "QuestionType": "String",
      "AnswerType": "Text",
      "Option1": "",
      "Option2": "",
      "Option3": "",
      "Option4": "",
      "CorrectAnswer": "486",
      "options": [],
      "status": ""
    },
    {
      "QuestionNumber": "3",
      "LevelNumber": "11",
      "LevelTopic": "Double x Single Multiply (Vertical) ",
      "Instruction": "Answer the following Question",
      "Question": "29x6",
      "QuestionType": "String",
      "AnswerType": "Text",
      "Option1": "",
      "Option2": "",
      "Option3": "",
      "Option4": "",
      "CorrectAnswer": "174",
      "options": [],
      "status": ""
    },
    {
      "QuestionNumber": "4",
      "LevelNumber": "11",
      "LevelTopic": "Double x Single Multiply (Vertical) ",
      "Instruction": "Answer the following Question",
      "Question": "92x6",
      "QuestionType": "String",
      "AnswerType": "Text",
      "Option1": "",
      "Option2": "",
      "Option3": "",
      "Option4": "",
      "CorrectAnswer": "552",
      "options": [],
      "status": ""
    },
    {
      "QuestionNumber": "5",
      "LevelNumber": "11",
      "LevelTopic": "Double x Single Multiply (Vertical) ",
      "Instruction": "Answer the following Question",
      "Question": "38x6",
      "QuestionType": "String",
      "AnswerType": "Text",
      "Option1": "",
      "Option2": "",
      "Option3": "",
      "Option4": "",
      "CorrectAnswer": "228",
      "options": [],
      "status": ""
    },
    {
      "QuestionNumber": "6",
      "LevelNumber": "11",
      "LevelTopic": "Double x Single Multiply (Vertical) ",
      "Instruction": "Answer the following Question",
      "Question": "57x6",
      "QuestionType": "String",
      "AnswerType": "Text",
      "Option1": "",
      "Option2": "",
      "Option3": "",
      "Option4": "",
      "CorrectAnswer": "342",
      "options": [],
      "status": ""
    },
    {
      "QuestionNumber": "7",
      "LevelNumber": "11",
      "LevelTopic": "Double x Single Multiply (Vertical) ",
      "Instruction": "Answer the following Question",
      "Question": "54x6",
      "QuestionType": "String",
      "AnswerType": "Text",
      "Option1": "",
      "Option2": "",
      "Option3": "",
      "Option4": "",
      "CorrectAnswer": "324",
      "options": [],
      "status": ""
    },
    {
      "QuestionNumber": "8",
      "LevelNumber": "11",
      "LevelTopic": "Double x Single Multiply (Vertical) ",
      "Instruction": "Answer the following Question",
      "Question": "16x6",
      "QuestionType": "String",
      "AnswerType": "Text",
      "Option1": "",
      "Option2": "",
      "Option3": "",
      "Option4": "",
      "CorrectAnswer": "96",
      "options": [],
      "status": ""
    },
    {
      "QuestionNumber": "9",
      "LevelNumber": "11",
      "LevelTopic": "Double x Single Multiply (Vertical) ",
      "Instruction": "Answer the following Question",
      "Question": "82x6",
      "QuestionType": "String",
      "AnswerType": "Text",
      "Option1": "",
      "Option2": "",
      "Option3": "",
      "Option4": "",
      "CorrectAnswer": "492",
      "options": [],
      "status": ""
    },
    {
      "QuestionNumber": "10",
      "LevelNumber": "11",
      "LevelTopic": "Double x Single Multiply (Vertical) ",
      "Instruction": "Answer the following Question",
      "Question": "61x6",
      "QuestionType": "String",
      "AnswerType": "Text",
      "Option1": "",
      "Option2": "",
      "Option3": "",
      "Option4": "",
      "CorrectAnswer": "366",
      "options": [],
      "status": ""
    },
    {
      "QuestionNumber": "1",
      "LevelNumber": "12",
      "LevelTopic": "Double x Double Multiply (Vertical) ",
      "Instruction": "Answer the following Question",
      "Question": "89x99",
      "QuestionType": "String",
      "AnswerType": "Text",
      "Option1": "",
      "Option2": "",
      "Option3": "",
      "Option4": "",
      "CorrectAnswer": "8811",
      "options": [],
      "status": ""
    },
    {
      "QuestionNumber": "2",
      "LevelNumber": "12",
      "LevelTopic": "Double x Double Multiply (Vertical) ",
      "Instruction": "Answer the following Question",
      "Question": "23x73",
      "QuestionType": "String",
      "AnswerType": "Text",
      "Option1": "",
      "Option2": "",
      "Option3": "",
      "Option4": "",
      "CorrectAnswer": "1679",
      "options": [],
      "status": ""
    },
    {
      "QuestionNumber": "3",
      "LevelNumber": "12",
      "LevelTopic": "Double x Double Multiply (Vertical) ",
      "Instruction": "Answer the following Question",
      "Question": "13x21",
      "QuestionType": "String",
      "AnswerType": "Text",
      "Option1": "",
      "Option2": "",
      "Option3": "",
      "Option4": "",
      "CorrectAnswer": "273",
      "options": [],
      "status": ""
    },
    {
      "QuestionNumber": "4",
      "LevelNumber": "12",
      "LevelTopic": "Double x Double Multiply (Vertical) ",
      "Instruction": "Answer the following Question",
      "Question": "69x39",
      "QuestionType": "String",
      "AnswerType": "Text",
      "Option1": "",
      "Option2": "",
      "Option3": "",
      "Option4": "",
      "CorrectAnswer": "2691",
      "options": [],
      "status": ""
    },
    {
      "QuestionNumber": "5",
      "LevelNumber": "12",
      "LevelTopic": "Double x Double Multiply (Vertical) ",
      "Instruction": "Answer the following Question",
      "Question": "42x50",
      "QuestionType": "String",
      "AnswerType": "Text",
      "Option1": "",
      "Option2": "",
      "Option3": "",
      "Option4": "",
      "CorrectAnswer": "2100",
      "options": [],
      "status": ""
    },
    {
      "QuestionNumber": "6",
      "LevelNumber": "12",
      "LevelTopic": "Double x Double Multiply (Vertical) ",
      "Instruction": "Answer the following Question",
      "Question": "47x29",
      "QuestionType": "String",
      "AnswerType": "Text",
      "Option1": "",
      "Option2": "",
      "Option3": "",
      "Option4": "",
      "CorrectAnswer": "1363",
      "options": [],
      "status": ""
    },
    {
      "QuestionNumber": "7",
      "LevelNumber": "12",
      "LevelTopic": "Double x Double Multiply (Vertical) ",
      "Instruction": "Answer the following Question",
      "Question": "34x55",
      "QuestionType": "String",
      "AnswerType": "Text",
      "Option1": "",
      "Option2": "",
      "Option3": "",
      "Option4": "",
      "CorrectAnswer": "1870",
      "options": [],
      "status": ""
    },
    {
      "QuestionNumber": "8",
      "LevelNumber": "12",
      "LevelTopic": "Double x Double Multiply (Vertical) ",
      "Instruction": "Answer the following Question",
      "Question": "96x47",
      "QuestionType": "String",
      "AnswerType": "Text",
      "Option1": "",
      "Option2": "",
      "Option3": "",
      "Option4": "",
      "CorrectAnswer": "4512",
      "options": [],
      "status": ""
    },
    {
      "QuestionNumber": "9",
      "LevelNumber": "12",
      "LevelTopic": "Double x Double Multiply (Vertical) ",
      "Instruction": "Answer the following Question",
      "Question": "84x65",
      "QuestionType": "String",
      "AnswerType": "Text",
      "Option1": "",
      "Option2": "",
      "Option3": "",
      "Option4": "",
      "CorrectAnswer": "5460",
      "options": [],
      "status": ""
    },
    {
      "QuestionNumber": "10",
      "LevelNumber": "12",
      "LevelTopic": "Double x Double Multiply (Vertical) ",
      "Instruction": "Answer the following Question",
      "Question": "16x61",
      "QuestionType": "String",
      "AnswerType": "Text",
      "Option1": "",
      "Option2": "",
      "Option3": "",
      "Option4": "",
      "CorrectAnswer": "976",
      "options": [],
      "status": ""
    },
    {
      "QuestionNumber": "1",
      "LevelNumber": "13",
      "LevelTopic": "Double - Single Digit Division (w/o remainder)(H)",
      "Instruction": "Answer the following Question",
      "Question": "9/3",
      "QuestionType": "String",
      "AnswerType": "MCQ",
      "Option1": "12",
      "Option2": "3",
      "Option3": "4",
      "Option4": "9",
      "CorrectAnswer": "3",
      "options": ["12", "3", "4", "9"],
      "status": ""
    },
    {
      "QuestionNumber": "2",
      "LevelNumber": "13",
      "LevelTopic": "Double - Single Digit Division (w/o remainder)(H)",
      "Instruction": "Answer the following Question",
      "Question": "8/2",
      "QuestionType": "String",
      "AnswerType": "MCQ",
      "Option1": "16",
      "Option2": "12",
      "Option3": "8",
      "Option4": "4",
      "CorrectAnswer": "4",
      "options": ["16", "12", "8", "4"],
      "status": ""
    },
    {
      "QuestionNumber": "3",
      "LevelNumber": "13",
      "LevelTopic": "Double - Single Digit Division (w/o remainder)(H)",
      "Instruction": "Answer the following Question",
      "Question": "45/9",
      "QuestionType": "String",
      "AnswerType": "MCQ",
      "Option1": "4",
      "Option2": "10",
      "Option3": "5",
      "Option4": "9",
      "CorrectAnswer": "5",
      "options": ["4", "10", "5", "9"],
      "status": ""
    },
    {
      "QuestionNumber": "4",
      "LevelNumber": "13",
      "LevelTopic": "Double - Single Digit Division (w/o remainder)(H)",
      "Instruction": "Answer the following Question",
      "Question": "63/7",
      "QuestionType": "String",
      "AnswerType": "MCQ",
      "Option1": "3",
      "Option2": "10",
      "Option3": "9",
      "Option4": "7",
      "CorrectAnswer": "9",
      "options": ["3", "10", "9", "7"],
      "status": ""
    },
    {
      "QuestionNumber": "5",
      "LevelNumber": "13",
      "LevelTopic": "Double - Single Digit Division (w/o remainder)(H)",
      "Instruction": "Answer the following Question",
      "Question": "40/8",
      "QuestionType": "String",
      "AnswerType": "MCQ",
      "Option1": "5",
      "Option2": "20",
      "Option3": "8",
      "Option4": "9",
      "CorrectAnswer": "5",
      "options": ["5", "20", "8", "9"],
      "status": ""
    },
    {
      "QuestionNumber": "6",
      "LevelNumber": "13",
      "LevelTopic": "Double - Single Digit Division (w/o remainder)(H)",
      "Instruction": "Answer the following Question",
      "Question": "6/2",
      "QuestionType": "String",
      "AnswerType": "MCQ",
      "Option1": "4",
      "Option2": "12",
      "Option3": "9",
      "Option4": "3",
      "CorrectAnswer": "3",
      "options": ["4", "12", "9", "3"],
      "status": ""
    },
    {
      "QuestionNumber": "7",
      "LevelNumber": "13",
      "LevelTopic": "Double - Single Digit Division (w/o remainder)(H)",
      "Instruction": "Answer the following Question",
      "Question": "10/2",
      "QuestionType": "String",
      "AnswerType": "MCQ",
      "Option1": "5",
      "Option2": "4",
      "Option3": "6",
      "Option4": "7",
      "CorrectAnswer": "5",
      "options": ["5", "4", "6", "7"],
      "status": ""
    },
    {
      "QuestionNumber": "8",
      "LevelNumber": "13",
      "LevelTopic": "Double - Single Digit Division (w/o remainder)(H)",
      "Instruction": "Answer the following Question",
      "Question": "36/6",
      "QuestionType": "String",
      "AnswerType": "MCQ",
      "Option1": "5",
      "Option2": "4",
      "Option3": "6",
      "Option4": "7",
      "CorrectAnswer": "6",
      "options": ["5", "4", "6", "7"],
      "status": ""
    },
    {
      "QuestionNumber": "9",
      "LevelNumber": "13",
      "LevelTopic": "Double - Single Digit Division (w/o remainder)(H)",
      "Instruction": "Answer the following Question",
      "Question": "20/10",
      "QuestionType": "String",
      "AnswerType": "MCQ",
      "Option1": "5",
      "Option2": "2",
      "Option3": "7",
      "Option4": "8",
      "CorrectAnswer": "2",
      "options": ["5", "2", "7", "8"],
      "status": ""
    },
    {
      "QuestionNumber": "10",
      "LevelNumber": "13",
      "LevelTopic": "Double - Single Digit Division (w/o remainder)(H)",
      "Instruction": "Answer the following Question",
      "Question": "16/4",
      "QuestionType": "String",
      "AnswerType": "MCQ",
      "Option1": "7",
      "Option2": "4",
      "Option3": "5",
      "Option4": "9",
      "CorrectAnswer": "4",
      "options": ["7", "4", "5", "9"],
      "status": ""
    },
    {
      "QuestionNumber": "1",
      "LevelNumber": "14",
      "LevelTopic": "Double - Single Digit Division (with remainder) (V)",
      "Instruction": "Answer the following Question",
      "Question": "12/3",
      "QuestionType": "String",
      "AnswerType": "MCQ",
      "Option1": "3 rem 0",
      "Option2": "4 rem 0",
      "Option3": "3 rem 1",
      "Option4": "4 rem 1",
      "CorrectAnswer": "4 rem 0",
      "options": ["3 rem 0", "4 rem 0", "3 rem 1", "4 rem 1"],
      "status": ""
    },
    {
      "QuestionNumber": "2",
      "LevelNumber": "14",
      "LevelTopic": "Double - Single Digit Division (with remainder) (V)",
      "Instruction": "Answer the following Question",
      "Question": "95/2",
      "QuestionType": "String",
      "AnswerType": "MCQ",
      "Option1": "47 rem 1",
      "Option2": "47 rem 0",
      "Option3": "46 rem 0",
      "Option4": "40 rem 0",
      "CorrectAnswer": "47 rem 1",
      "options": ["47 rem 1", "47 rem 0", "46 rem 0", "40 rem 0"],
      "status": ""
    },
    {
      "QuestionNumber": "3",
      "LevelNumber": "14",
      "LevelTopic": "Double - Single Digit Division (with remainder) (V)",
      "Instruction": "Answer the following Question",
      "Question": "40/5",
      "QuestionType": "String",
      "AnswerType": "MCQ",
      "Option1": "8 rem 0",
      "Option2": "5 rem 0",
      "Option3": "8 rem 1",
      "Option4": "4 rem 0",
      "CorrectAnswer": "8 rem 0",
      "options": ["8 rem 0", "5 rem 0", "8 rem 1", "4 rem 0"],
      "status": ""
    },
    {
      "QuestionNumber": "4",
      "LevelNumber": "14",
      "LevelTopic": "Double - Single Digit Division (with remainder) (V)",
      "Instruction": "Answer the following Question",
      "Question": "98/10",
      "QuestionType": "String",
      "AnswerType": "MCQ",
      "Option1": "9 rem 0",
      "Option2": "8 rem 0",
      "Option3": "9 rem 8",
      "Option4": "8 rem 8",
      "CorrectAnswer": "9 rem 8",
      "options": ["9 rem 0", "8 rem 0", "9 rem 8", "8 rem 8"],
      "status": ""
    },
    {
      "QuestionNumber": "5",
      "LevelNumber": "14",
      "LevelTopic": "Double - Single Digit Division (with remainder) (V)",
      "Instruction": "Answer the following Question",
      "Question": "43/4",
      "QuestionType": "String",
      "AnswerType": "MCQ",
      "Option1": "3 rem 0",
      "Option2": "9 rem 0",
      "Option3": "4 rem 2",
      "Option4": "4 rem 3",
      "CorrectAnswer": "4 rem 3",
      "options": ["3 rem 0", "9 rem 0", "4 rem 2", "4 rem 3"],
      "status": ""
    },
    {
      "QuestionNumber": "6",
      "LevelNumber": "14",
      "LevelTopic": "Double - Single Digit Division (with remainder) (V)",
      "Instruction": "Answer the following Question",
      "Question": "42/9",
      "QuestionType": "String",
      "AnswerType": "MCQ",
      "Option1": "4 rem 6",
      "Option2": "4 rem 3",
      "Option3": "4 rem 8",
      "Option4": "4 rem 9",
      "CorrectAnswer": "4 rem 6",
      "options": ["4 rem 6", "4 rem 3", "4 rem 8", "4 rem 9"],
      "status": ""
    },
    {
      "QuestionNumber": "7",
      "LevelNumber": "14",
      "LevelTopic": "Double - Single Digit Division (with remainder) (V)",
      "Instruction": "Answer the following Question",
      "Question": "40/4",
      "QuestionType": "String",
      "AnswerType": "MCQ",
      "Option1": "5 rem 6",
      "Option2": "10 rem 0",
      "Option3": "4 rem 6",
      "Option4": "7 rem 6",
      "CorrectAnswer": "10 rem 0",
      "options": ["5 rem 6", "10 rem 0", "4 rem 6", "7 rem 6"],
      "status": ""
    },
    {
      "QuestionNumber": "8",
      "LevelNumber": "14",
      "LevelTopic": "Double - Single Digit Division (with remainder) (V)",
      "Instruction": "Answer the following Question",
      "Question": "19/3",
      "QuestionType": "String",
      "AnswerType": "MCQ",
      "Option1": "6 rem 4",
      "Option2": "6 rem 3",
      "Option3": "6 rem 2",
      "Option4": "6 rem 1",
      "CorrectAnswer": "6 rem 1",
      "options": ["6 rem 4", "6 rem 3", "6 rem 2", "6 rem 1"],
      "status": ""
    },
    {
      "QuestionNumber": "9",
      "LevelNumber": "14",
      "LevelTopic": "Double - Single Digit Division (with remainder) (V)",
      "Instruction": "Answer the following Question",
      "Question": "86/4",
      "QuestionType": "String",
      "AnswerType": "MCQ",
      "Option1": "21 rem 3",
      "Option2": "21 rem 2",
      "Option3": "21 rem 1",
      "Option4": "21 rem 0",
      "CorrectAnswer": "21 rem 2",
      "options": ["21 rem 3", "21 rem 2", "21 rem 1", "21 rem 0"],
      "status": ""
    },
    {
      "QuestionNumber": "10",
      "LevelNumber": "14",
      "LevelTopic": "Double - Single Digit Division (with remainder) (V)",
      "Instruction": "Answer the following Question",
      "Question": "37/7",
      "QuestionType": "String",
      "AnswerType": "MCQ",
      "Option1": "5 rem 4",
      "Option2": "5 rem 3",
      "Option3": "5 rem 2",
      "Option4": "5 rem 1",
      "CorrectAnswer": "5 rem 2",
      "options": ["5 rem 4", "5 rem 3", "5 rem 2", "5 rem 1"],
      "status": ""
    },
    {
      "QuestionNumber": "1",
      "LevelNumber": "15",
      "LevelTopic": "3 Digit addition (100s added to 1-99)",
      "Instruction": "Answer the following Question",
      "Question": "845+61",
      "QuestionType": "String",
      "AnswerType": "MCQ",
      "Option1": "906",
      "Option2": "907",
      "Option3": "909",
      "Option4": "910",
      "CorrectAnswer": "906",
      "options": ["906", "907", "909", "910"],
      "status": ""
    },
    {
      "QuestionNumber": "2",
      "LevelNumber": "15",
      "LevelTopic": "4 Digit addition (100s added to 1-99)",
      "Instruction": "Answer the following Question",
      "Question": "137+81",
      "QuestionType": "String",
      "AnswerType": "MCQ",
      "Option1": "215",
      "Option2": "216",
      "Option3": "218",
      "Option4": "219",
      "CorrectAnswer": "218",
      "options": ["215", "216", "218", "219"],
      "status": ""
    },
    {
      "QuestionNumber": "3",
      "LevelNumber": "15",
      "LevelTopic": "5 Digit addition (100s added to 1-99)",
      "Instruction": "Answer the following Question",
      "Question": "314+95",
      "QuestionType": "String",
      "AnswerType": "MCQ",
      "Option1": "120",
      "Option2": "260",
      "Option3": "240",
      "Option4": "409",
      "CorrectAnswer": "409",
      "options": ["120", "260", "240", "409"],
      "status": ""
    },
    {
      "QuestionNumber": "4",
      "LevelNumber": "15",
      "LevelTopic": "6 Digit addition (100s added to 1-99)",
      "Instruction": "Answer the following Question",
      "Question": "622+94",
      "QuestionType": "String",
      "AnswerType": "MCQ",
      "Option1": "920",
      "Option2": "910",
      "Option3": "890",
      "Option4": "716",
      "CorrectAnswer": "716",
      "options": ["920", "910", "890", "716"],
      "status": ""
    },
    {
      "QuestionNumber": "5",
      "LevelNumber": "15",
      "LevelTopic": "7 Digit addition (100s added to 1-99)",
      "Instruction": "Answer the following Question",
      "Question": "224+81",
      "QuestionType": "String",
      "AnswerType": "MCQ",
      "Option1": "600",
      "Option2": "505",
      "Option3": "305",
      "Option4": "630",
      "CorrectAnswer": "305",
      "options": ["600", "505", "305", "630"],
      "status": ""
    },
    {
      "QuestionNumber": "6",
      "LevelNumber": "15",
      "LevelTopic": "8 Digit addition (100s added to 1-99)",
      "Instruction": "Answer the following Question",
      "Question": "635+71",
      "QuestionType": "String",
      "AnswerType": "MCQ",
      "Option1": "706",
      "Option2": "250",
      "Option3": "709",
      "Option4": "700",
      "CorrectAnswer": "706",
      "options": ["706", "250", "709", "700"],
      "status": ""
    },
    {
      "QuestionNumber": "7",
      "LevelNumber": "15",
      "LevelTopic": "9 Digit addition (100s added to 1-99)",
      "Instruction": "Answer the following Question",
      "Question": "413+93",
      "QuestionType": "String",
      "AnswerType": "MCQ",
      "Option1": "506",
      "Option2": "625",
      "Option3": "630",
      "Option4": "575",
      "CorrectAnswer": "506",
      "options": ["506", "625", "630", "575"],
      "status": ""
    },
    {
      "QuestionNumber": "8",
      "LevelNumber": "15",
      "LevelTopic": "10 Digit addition (100s added to 1-99)",
      "Instruction": "Answer the following Question",
      "Question": "545+70",
      "QuestionType": "String",
      "AnswerType": "MCQ",
      "Option1": "887",
      "Option2": "615",
      "Option3": "836",
      "Option4": "890",
      "CorrectAnswer": "615",
      "options": ["887", "615", "836", "890"],
      "status": ""
    },
    {
      "QuestionNumber": "9",
      "LevelNumber": "15",
      "LevelTopic": "11 Digit addition (100s added to 1-99)",
      "Instruction": "Answer the following Question",
      "Question": "446+82",
      "QuestionType": "String",
      "AnswerType": "MCQ",
      "Option1": "528",
      "Option2": "803",
      "Option3": "809",
      "Option4": "700",
      "CorrectAnswer": "528",
      "options": ["528", "803", "809", "700"],
      "status": ""
    },
    {
      "QuestionNumber": "10",
      "LevelNumber": "15",
      "LevelTopic": "12 Digit addition (100s added to 1-99)",
      "Instruction": "Answer the following Question",
      "Question": "265+51",
      "QuestionType": "String",
      "AnswerType": "MCQ",
      "Option1": "500",
      "Option2": "510",
      "Option3": "316",
      "Option4": "530",
      "CorrectAnswer": "316",
      "options": ["500", "510", "316", "530"],
      "status": ""
    },
    {
      "QuestionNumber": "1",
      "LevelNumber": "16",
      "LevelTopic": "3 Digit subtraction (1-99 subtracted from 100s)",
      "Instruction": "Answer the following Question",
      "Question": "380-90",
      "QuestionType": "String",
      "AnswerType": "MCQ",
      "Option1": "260",
      "Option2": "270",
      "Option3": "290",
      "Option4": "340",
      "CorrectAnswer": "290",
      "options": ["260", "270", "290", "340"],
      "status": ""
    },
    {
      "QuestionNumber": "2",
      "LevelNumber": "16",
      "LevelTopic": "4 Digit subtraction (1-99 subtracted from 100s)",
      "Instruction": "Answer the following Question",
      "Question": "960-70",
      "QuestionType": "String",
      "AnswerType": "MCQ",
      "Option1": "760",
      "Option2": "770",
      "Option3": "800",
      "Option4": "890",
      "CorrectAnswer": "890",
      "options": ["760", "770", "800", "890"],
      "status": ""
    },
    {
      "QuestionNumber": "3",
      "LevelNumber": "16",
      "LevelTopic": "5 Digit subtraction (1-99 subtracted from 100s)",
      "Instruction": "Answer the following Question",
      "Question": "310-50",
      "QuestionType": "String",
      "AnswerType": "MCQ",
      "Option1": "260",
      "Option2": "270",
      "Option3": "280",
      "Option4": "290",
      "CorrectAnswer": "260",
      "options": ["260", "270", "280", "290"],
      "status": ""
    },
    {
      "QuestionNumber": "4",
      "LevelNumber": "16",
      "LevelTopic": "6 Digit subtraction (1-99 subtracted from 100s)",
      "Instruction": "Answer the following Question",
      "Question": "920-30",
      "QuestionType": "String",
      "AnswerType": "MCQ",
      "Option1": "760",
      "Option2": "770",
      "Option3": "800",
      "Option4": "890",
      "CorrectAnswer": "890",
      "options": ["760", "770", "800", "890"],
      "status": ""
    },
    {
      "QuestionNumber": "5",
      "LevelNumber": "16",
      "LevelTopic": "7 Digit subtraction (1-99 subtracted from 100s)",
      "Instruction": "Answer the following Question",
      "Question": "710-80",
      "QuestionType": "String",
      "AnswerType": "MCQ",
      "Option1": "760",
      "Option2": "630",
      "Option3": "800",
      "Option4": "890",
      "CorrectAnswer": "630",
      "options": ["760", "630", "800", "890"],
      "status": ""
    },
    {
      "QuestionNumber": "6",
      "LevelNumber": "16",
      "LevelTopic": "8 Digit subtraction (1-99 subtracted from 100s)",
      "Instruction": "Answer the following Question",
      "Question": "250-60",
      "QuestionType": "String",
      "AnswerType": "MCQ",
      "Option1": "190",
      "Option2": "180",
      "Option3": "170",
      "Option4": "160",
      "CorrectAnswer": "190",
      "options": ["190", "180", "170", "160"],
      "status": ""
    },
    {
      "QuestionNumber": "7",
      "LevelNumber": "16",
      "LevelTopic": "9 Digit subtraction (1-99 subtracted from 100s)",
      "Instruction": "Answer the following Question",
      "Question": "380-90",
      "QuestionType": "String",
      "AnswerType": "MCQ",
      "Option1": "260",
      "Option2": "270",
      "Option3": "280",
      "Option4": "290",
      "CorrectAnswer": "290",
      "options": ["260", "270", "280", "290"],
      "status": ""
    },
    {
      "QuestionNumber": "8",
      "LevelNumber": "16",
      "LevelTopic": "10 Digit subtraction (1-99 subtracted from 100s)",
      "Instruction": "Answer the following Question",
      "Question": "650-90",
      "QuestionType": "String",
      "AnswerType": "MCQ",
      "Option1": "560",
      "Option2": "510",
      "Option3": "316",
      "Option4": "530",
      "CorrectAnswer": "560",
      "options": ["560", "510", "316", "530"],
      "status": ""
    },
    {
      "QuestionNumber": "9",
      "LevelNumber": "16",
      "LevelTopic": "11 Digit subtraction (1-99 subtracted from 100s)",
      "Instruction": "Answer the following Question",
      "Question": "860-90",
      "QuestionType": "String",
      "AnswerType": "MCQ",
      "Option1": "779",
      "Option2": "770",
      "Option3": "800",
      "Option4": "890",
      "CorrectAnswer": "770",
      "options": ["779", "770", "800", "890"],
      "status": ""
    },
    {
      "QuestionNumber": "10",
      "LevelNumber": "16",
      "LevelTopic": "12 Digit subtraction (1-99 subtracted from 100s)",
      "Instruction": "Answer the following Question",
      "Question": "440-50",
      "QuestionType": "String",
      "AnswerType": "MCQ",
      "Option1": "440",
      "Option2": "390",
      "Option3": "400",
      "Option4": "430",
      "CorrectAnswer": "390",
      "options": ["440", "390", "400", "430"],
      "status": ""
    },
    {
      "QuestionNumber": "1",
      "LevelNumber": "17",
      "LevelTopic": "3 Digit subtraction (111s subtracted from 111s)",
      "Instruction": "Answer the following Question",
      "Question": "178-152",
      "QuestionType": "String",
      "AnswerType": "MCQ",
      "Option1": "25",
      "Option2": "26",
      "Option3": "27",
      "Option4": "28",
      "CorrectAnswer": "26",
      "options": ["25", "26", "27", "28"],
      "status": ""
    },
    {
      "QuestionNumber": "2",
      "LevelNumber": "17",
      "LevelTopic": "4 Digit subtraction (111s subtracted from 111s)",
      "Instruction": "Answer the following Question",
      "Question": "443-431",
      "QuestionType": "String",
      "AnswerType": "MCQ",
      "Option1": "9",
      "Option2": "10",
      "Option3": "11",
      "Option4": "12",
      "CorrectAnswer": "12",
      "options": ["9", "10", "11", "12"],
      "status": ""
    },
    {
      "QuestionNumber": "3",
      "LevelNumber": "17",
      "LevelTopic": "5 Digit subtraction (111s subtracted from 111s)",
      "Instruction": "Answer the following Question",
      "Question": "461-347",
      "QuestionType": "String",
      "AnswerType": "MCQ",
      "Option1": "114",
      "Option2": "112",
      "Option3": "112",
      "Option4": "113",
      "CorrectAnswer": "114",
      "options": ["114", "112", "111", "113"],
      "status": ""
    },
    {
      "QuestionNumber": "4",
      "LevelNumber": "17",
      "LevelTopic": "6 Digit subtraction (111s subtracted from 111s)",
      "Instruction": "Answer the following Question",
      "Question": "195-81",
      "QuestionType": "String",
      "AnswerType": "MCQ",
      "Option1": "114",
      "Option2": "112",
      "Option3": "112",
      "Option4": "113",
      "CorrectAnswer": "114",
      "options": ["114", "112", "110", "113"],
      "status": ""
    },
    {
      "QuestionNumber": "5",
      "LevelNumber": "17",
      "LevelTopic": "7 Digit subtraction (111s subtracted from 111s)",
      "Instruction": "Answer the following Question",
      "Question": "759-726",
      "QuestionType": "String",
      "AnswerType": "MCQ",
      "Option1": "29",
      "Option2": "34",
      "Option3": "33",
      "Option4": "32",
      "CorrectAnswer": "33",
      "options": ["29", "34", "33", "32"],
      "status": ""
    },
    {
      "QuestionNumber": "6",
      "LevelNumber": "17",
      "LevelTopic": "8 Digit subtraction (111s subtracted from 111s)",
      "Instruction": "Answer the following Question",
      "Question": "441-231",
      "QuestionType": "String",
      "AnswerType": "MCQ",
      "Option1": "190",
      "Option2": "233",
      "Option3": "210",
      "Option4": "221",
      "CorrectAnswer": "210",
      "options": ["190", "233", "210", "221"],
      "status": ""
    },
    {
      "QuestionNumber": "7",
      "LevelNumber": "17",
      "LevelTopic": "9 Digit subtraction (111s subtracted from 111s)",
      "Instruction": "Answer the following Question",
      "Question": "571-476",
      "QuestionType": "String",
      "AnswerType": "MCQ",
      "Option1": "97",
      "Option2": "96",
      "Option3": "95",
      "Option4": "97",
      "CorrectAnswer": "95",
      "options": ["97", "96", "95", "97"],
      "status": ""
    },
    {
      "QuestionNumber": "8",
      "LevelNumber": "17",
      "LevelTopic": "10 Digit subtraction (111s subtracted from 111s)",
      "Instruction": "Answer the following Question",
      "Question": "424-395",
      "QuestionType": "String",
      "AnswerType": "MCQ",
      "Option1": "25",
      "Option2": "26",
      "Option3": "29",
      "Option4": "27",
      "CorrectAnswer": "29",
      "options": ["25", "26", "29", "27"],
      "status": ""
    },
    {
      "QuestionNumber": "9",
      "LevelNumber": "17",
      "LevelTopic": "11 Digit subtraction (111s subtracted from 111s)",
      "Instruction": "Answer the following Question",
      "Question": "481-392",
      "QuestionType": "String",
      "AnswerType": "MCQ",
      "Option1": "93",
      "Option2": "91",
      "Option3": "90",
      "Option4": "89",
      "CorrectAnswer": "89",
      "options": ["93", "91", "90", "89"],
      "status": ""
    },
    {
      "QuestionNumber": "10",
      "LevelNumber": "17",
      "LevelTopic": "12 Digit subtraction (111s subtracted from 111s)",
      "Instruction": "Answer the following Question",
      "Question": "276-225",
      "QuestionType": "String",
      "AnswerType": "MCQ",
      "Option1": "50",
      "Option2": "51",
      "Option3": "52",
      "Option4": "53",
      "CorrectAnswer": "51",
      "options": ["50", "51", "52", "53"],
      "status": ""
    },
    {
      "QuestionNumber": "1",
      "LevelNumber": "18",
      "LevelTopic": "Triple x Single Multiply (Vertical) ",
      "Instruction": "Answer the following Question",
      "Question": "291x9",
      "QuestionType": "String",
      "AnswerType": "Text",
      "Option1": "",
      "Option2": "",
      "Option3": "",
      "Option4": "",
      "CorrectAnswer": "2691",
      "options": [],
      "status": ""
    },
    {
      "QuestionNumber": "2",
      "LevelNumber": "18",
      "LevelTopic": "Triple x Single Multiply (Vertical) ",
      "Instruction": "Answer the following Question",
      "Question": "369x8",
      "QuestionType": "String",
      "AnswerType": "Text",
      "Option1": "",
      "Option2": "",
      "Option3": "",
      "Option4": "",
      "CorrectAnswer": "2952",
      "options": [],
      "status": ""
    },
    {
      "QuestionNumber": "3",
      "LevelNumber": "18",
      "LevelTopic": "Triple x Single Multiply (Vertical) ",
      "Instruction": "Answer the following Question",
      "Question": "393x1",
      "QuestionType": "String",
      "AnswerType": "Text",
      "Option1": "",
      "Option2": "",
      "Option3": "",
      "Option4": "",
      "CorrectAnswer": "393",
      "options": [],
      "status": ""
    },
    {
      "QuestionNumber": "4",
      "LevelNumber": "18",
      "LevelTopic": "Triple x Single Multiply (Vertical) ",
      "Instruction": "Answer the following Question",
      "Question": "254x1",
      "QuestionType": "String",
      "AnswerType": "Text",
      "Option1": "",
      "Option2": "",
      "Option3": "",
      "Option4": "",
      "CorrectAnswer": "254",
      "options": [],
      "status": ""
    },
    {
      "QuestionNumber": "5",
      "LevelNumber": "18",
      "LevelTopic": "Triple x Single Multiply (Vertical) ",
      "Instruction": "Answer the following Question",
      "Question": "776x3",
      "QuestionType": "String",
      "AnswerType": "Text",
      "Option1": "",
      "Option2": "",
      "Option3": "",
      "Option4": "",
      "CorrectAnswer": "2328",
      "options": [],
      "status": ""
    },
    {
      "QuestionNumber": "6",
      "LevelNumber": "18",
      "LevelTopic": "Triple x Single Multiply (Vertical) ",
      "Instruction": "Answer the following Question",
      "Question": "186X8",
      "QuestionType": "String",
      "AnswerType": "Text",
      "Option1": "",
      "Option2": "",
      "Option3": "",
      "Option4": "",
      "CorrectAnswer": "1488",
      "options": [],
      "status": ""
    },
    {
      "QuestionNumber": "7",
      "LevelNumber": "18",
      "LevelTopic": "Triple x Single Multiply (Vertical) ",
      "Instruction": "Answer the following Question",
      "Question": "765X1",
      "QuestionType": "String",
      "AnswerType": "Text",
      "Option1": "",
      "Option2": "",
      "Option3": "",
      "Option4": "",
      "CorrectAnswer": "765",
      "options": [],
      "status": ""
    },
    {
      "QuestionNumber": "8",
      "LevelNumber": "18",
      "LevelTopic": "Triple x Single Multiply (Vertical) ",
      "Instruction": "Answer the following Question",
      "Question": "382X1",
      "QuestionType": "String",
      "AnswerType": "Text",
      "Option1": "",
      "Option2": "",
      "Option3": "",
      "Option4": "",
      "CorrectAnswer": "382",
      "options": [],
      "status": ""
    },
    {
      "QuestionNumber": "9",
      "LevelNumber": "18",
      "LevelTopic": "Triple x Single Multiply (Vertical) ",
      "Instruction": "Answer the following Question",
      "Question": "636X1",
      "QuestionType": "String",
      "AnswerType": "Text",
      "Option1": "",
      "Option2": "",
      "Option3": "",
      "Option4": "",
      "CorrectAnswer": "636",
      "options": [],
      "status": ""
    },
    {
      "QuestionNumber": "10",
      "LevelNumber": "18",
      "LevelTopic": "Triple x Single Multiply (Vertical) ",
      "Instruction": "Answer the following Question",
      "Question": "783X3",
      "QuestionType": "String",
      "AnswerType": "Text",
      "Option1": "",
      "Option2": "",
      "Option3": "",
      "Option4": "",
      "CorrectAnswer": "2349",
      "options": [],
      "status": ""
    },
    {
      "QuestionNumber": "1",
      "LevelNumber": "19",
      "LevelTopic": "Triple x Triple Multiply (Vertical) ",
      "Instruction": "Answer the following Question",
      "Question": "167x114",
      "QuestionType": "String",
      "AnswerType": "Text",
      "Option1": "",
      "Option2": "",
      "Option3": "",
      "Option4": "",
      "CorrectAnswer": "19038",
      "options": [],
      "status": ""
    },
    {
      "QuestionNumber": "2",
      "LevelNumber": "19",
      "LevelTopic": "Triple x Triple Multiply (Vertical) ",
      "Instruction": "Answer the following Question",
      "Question": "155x871",
      "QuestionType": "String",
      "AnswerType": "Text",
      "Option1": "",
      "Option2": "",
      "Option3": "",
      "Option4": "",
      "CorrectAnswer": "135005",
      "options": [],
      "status": ""
    },
    {
      "QuestionNumber": "3",
      "LevelNumber": "19",
      "LevelTopic": "Triple x Triple Multiply (Vertical) ",
      "Instruction": "Answer the following Question",
      "Question": "183x237",
      "QuestionType": "String",
      "AnswerType": "Text",
      "Option1": "",
      "Option2": "",
      "Option3": "",
      "Option4": "",
      "CorrectAnswer": "43371",
      "options": [],
      "status": ""
    },
    {
      "QuestionNumber": "4",
      "LevelNumber": "19",
      "LevelTopic": "Triple x Triple Multiply (Vertical) ",
      "Instruction": "Answer the following Question",
      "Question": "574x414",
      "QuestionType": "String",
      "AnswerType": "Text",
      "Option1": "",
      "Option2": "",
      "Option3": "",
      "Option4": "",
      "CorrectAnswer": "237636",
      "options": [],
      "status": ""
    },
    {
      "QuestionNumber": "5",
      "LevelNumber": "19",
      "LevelTopic": "Triple x Triple Multiply (Vertical) ",
      "Instruction": "Answer the following Question",
      "Question": "711x673",
      "QuestionType": "String",
      "AnswerType": "Text",
      "Option1": "",
      "Option2": "",
      "Option3": "",
      "Option4": "",
      "CorrectAnswer": "478503",
      "options": [],
      "status": ""
    },
    {
      "QuestionNumber": "6",
      "LevelNumber": "19",
      "LevelTopic": "Triple x Triple Multiply (Vertical) ",
      "Instruction": "Answer the following Question",
      "Question": "537X339",
      "QuestionType": "String",
      "AnswerType": "Text",
      "Option1": "",
      "Option2": "",
      "Option3": "",
      "Option4": "",
      "CorrectAnswer": "182043",
      "options": [],
      "status": ""
    },
    {
      "QuestionNumber": "7",
      "LevelNumber": "19",
      "LevelTopic": "Triple x Triple Multiply (Vertical) ",
      "Instruction": "Answer the following Question",
      "Question": "842X873",
      "QuestionType": "String",
      "AnswerType": "Text",
      "Option1": "",
      "Option2": "",
      "Option3": "",
      "Option4": "",
      "CorrectAnswer": "735066",
      "options": [],
      "status": ""
    },
    {
      "QuestionNumber": "8",
      "LevelNumber": "19",
      "LevelTopic": "Triple x Triple Multiply (Vertical) ",
      "Instruction": "Answer the following Question",
      "Question": "779X934",
      "QuestionType": "String",
      "AnswerType": "Text",
      "Option1": "",
      "Option2": "",
      "Option3": "",
      "Option4": "",
      "CorrectAnswer": "727586",
      "options": [],
      "status": ""
    },
    {
      "QuestionNumber": "9",
      "LevelNumber": "19",
      "LevelTopic": "Triple x Triple Multiply (Vertical) ",
      "Instruction": "Answer the following Question",
      "Question": "198X566",
      "QuestionType": "String",
      "AnswerType": "Text",
      "Option1": "",
      "Option2": "",
      "Option3": "",
      "Option4": "",
      "CorrectAnswer": "112068",
      "options": [],
      "status": ""
    },
    {
      "QuestionNumber": "10",
      "LevelNumber": "19",
      "LevelTopic": "Triple x Triple Multiply (Vertical) ",
      "Instruction": "Answer the following Question",
      "Question": "758X823",
      "QuestionType": "String",
      "AnswerType": "Text",
      "Option1": "",
      "Option2": "",
      "Option3": "",
      "Option4": "",
      "CorrectAnswer": "623834",
      "options": [],
      "status": ""
    },
    {
      "QuestionNumber": "1",
      "LevelNumber": "20",
      "LevelTopic": "Triple-Double Digit Division (V)",
      "Instruction": "Answer the following Question",
      "Question": "244/31",
      "QuestionType": "String",
      "AnswerType": "MCQ",
      "Option1": "9",
      "Option2": "8",
      "Option3": "6.87",
      "Option4": "7.87",
      "CorrectAnswer": "7.87",
      "options": ["9", "8", "6.87", "7.87"],
      "status": ""
    },
    {
      "QuestionNumber": "2",
      "LevelNumber": "20",
      "LevelTopic": "Triple-Double Digit Division (V)",
      "Instruction": "Answer the following Question",
      "Question": "677/67",
      "QuestionType": "String",
      "AnswerType": "MCQ",
      "Option1": "10.1",
      "Option2": "10.2",
      "Option3": "10.3",
      "Option4": "10.4",
      "CorrectAnswer": "10.1",
      "options": ["10.1", "10.2", "10.3", "10.4"],
      "status": ""
    },
    {
      "QuestionNumber": "3",
      "LevelNumber": "20",
      "LevelTopic": "Triple-Double Digit Division (V)",
      "Instruction": "Answer the following Question",
      "Question": "468/23",
      "QuestionType": "String",
      "AnswerType": "MCQ",
      "Option1": "20.34",
      "Option2": "21.31",
      "Option3": "20.89",
      "Option4": "13",
      "CorrectAnswer": "20.34",
      "options": ["20.34", "21.31", "20.89", "13"],
      "status": ""
    },
    {
      "QuestionNumber": "4",
      "LevelNumber": "20",
      "LevelTopic": "Triple-Double Digit Division (V)",
      "Instruction": "Answer the following Question",
      "Question": "180/22",
      "QuestionType": "String",
      "AnswerType": "MCQ",
      "Option1": "8.19",
      "Option2": "8.18",
      "Option3": "8.19",
      "Option4": "8.16",
      "CorrectAnswer": "8.18",
      "options": ["8.19", "8.18", "8.19", "8.16"],
      "status": ""
    },
    {
      "QuestionNumber": "5",
      "LevelNumber": "20",
      "LevelTopic": "Triple-Double Digit Division (V)",
      "Instruction": "Answer the following Question",
      "Question": "516/34",
      "QuestionType": "String",
      "AnswerType": "MCQ",
      "Option1": "22",
      "Option2": "23",
      "Option3": "24",
      "Option4": "15.18",
      "CorrectAnswer": "15.18",
      "options": ["22", "23", "24", "15.18"],
      "status": ""
    },
    {
      "QuestionNumber": "6",
      "LevelNumber": "20",
      "LevelTopic": "Triple-Double Digit Division (V)",
      "Instruction": "Answer the following Question",
      "Question": "924/13",
      "QuestionType": "String",
      "AnswerType": "MCQ",
      "Option1": "89",
      "Option2": "71.08",
      "Option3": "71.9",
      "Option4": "71",
      "CorrectAnswer": "71.08",
      "options": ["89", "71.08", "71.9", "71"],
      "status": ""
    },
    {
      "QuestionNumber": "7",
      "LevelNumber": "20",
      "LevelTopic": "Triple-Double Digit Division (V)",
      "Instruction": "Answer the following Question",
      "Question": "939/72",
      "QuestionType": "String",
      "AnswerType": "MCQ",
      "Option1": "13.04",
      "Option2": "12.07",
      "Option3": "15.09",
      "Option4": "13.08",
      "CorrectAnswer": "13.04",
      "options": ["13.04", "12.07", "15.09", "13.08"],
      "status": ""
    },
    {
      "QuestionNumber": "8",
      "LevelNumber": "20",
      "LevelTopic": "Triple-Double Digit Division (V)",
      "Instruction": "Answer the following Question",
      "Question": "848/56",
      "QuestionType": "String",
      "AnswerType": "MCQ",
      "Option1": "13.04",
      "Option2": "12.07",
      "Option3": "15.14",
      "Option4": "13.08",
      "CorrectAnswer": "15.14",
      "options": ["13.04", "12.07", "15.14", "13.08"],
      "status": ""
    },
    {
      "QuestionNumber": "9",
      "LevelNumber": "20",
      "LevelTopic": "Triple-Double Digit Division (V)",
      "Instruction": "Answer the following Question",
      "Question": "852/50",
      "QuestionType": "String",
      "AnswerType": "MCQ",
      "Option1": "13.04",
      "Option2": "12.07",
      "Option3": "17.04",
      "Option4": "13.08",
      "CorrectAnswer": "17.04",
      "options": ["13.04", "12.07", "17.04", "13.08"],
      "status": ""
    },
    {
      "QuestionNumber": "10",
      "LevelNumber": "20",
      "LevelTopic": "Triple-Double Digit Division (V)",
      "Instruction": "Answer the following Question",
      "Question": "898/52",
      "QuestionType": "String",
      "AnswerType": "MCQ",
      "Option1": "20.34",
      "Option2": "21.31",
      "Option3": "20.89",
      "Option4": "17.27",
      "CorrectAnswer": "17.27",
      "options": ["13.08", "21.31", "20.89", "17.27"],
      "status": ""
    }
  ]
  